,브랜드,상호명,구,주소
0,이디야,강동고덕교차로점,강동구,"서울 강동구 고덕로 421 (강일동, 대한연세요양원)"
1,이디야,강동구청점,강동구,"서울 강동구 성내로6길 20 (성내동, 청일 베르네)"
2,이디야,강동성내점,강동구,서울 강동구 풍성로 162 (성내동)
3,이디야,강동신명초교점,강동구,"서울 강동구 명일로 260 (길동, 길동신동아아파트)"
4,이디야,강동역점,강동구,"서울 강동구 천호대로 1065 (천호동, 강동상떼빌)"
5,이디야,고덕강일2지구점,강동구,서울 강동구 아리수로93나길 76 (강일동)
6,이디야,고덕그라시움후문점,강동구,서울 강동구 동남로82길 121 (고덕동)
7,이디야,고덕점,강동구,"서울 강동구 동남로75길 19 (명일동, 명일빌딩)"
8,이디야,굽은다리역점,강동구,서울 강동구 양재대로 1543 (천호동)
9,이디야,길동사거리점,강동구,서울 강동구 천호대로 1132 (성내동)
10,이디야,길동역점,강동구,서울 강동구 양재대로 1471 (길동)
11,이디야,길동중앙점,강동구,서울 강동구 명일로 200 (길동)
12,이디야,둔촌점,강동구,서울 강동구 양재대로 1377 (성내동)
13,이디야,명일역점,강동구,"서울 강동구 구천면로 424 (명일동, 명일메가타운)"
14,이디야,명일중앙점,강동구,"서울 강동구 상암로 210 (명일동, 명일현대종합상가)"
15,이디야,보훈병원점,강동구,"서울 강동구 명일로 110 (둔촌동, 둔촌동암펠로스타워)"
16,이디야,상일리엔파크점,강동구,"서울 강동구 상일로 74 (상일동, 고덕리엔파크3단지아파트)"
17,이디야,암사중앙점,강동구,"서울 강동구 암사길 50 (암사동, 제이빌더스)"
18,이디야,올림픽북문점,강동구,서울 강동구 성안로 7 (성내동)
19,이디야,천호1동점,강동구,"서울 강동구 구천면로34길 43 (천호동, 헤리티지)"
20,이디야,천호로데오점,강동구,서울 강동구 천호대로 1027 (천호동)
21,이디야,천호중앙점,강동구,"서울 강동구 올림픽로 660 (천호동, 천호엘크루주상복합)"
22,이디야,천호초교사거리점,강동구,"서울 강동구 구천면로 304 (천호동, 일주빌딩)"
23,이디야,천호현대점,강동구,서울 강동구 올림픽로 665 (천호동)
24,이디야,건대로데오점,광진구,서울 광진구 아차산로30길 8 (자양동)
25,이디야,건대스타시티2호점,광진구,"서울 광진구 능동로 92 (자양동, 스타시티몰) 지하 2층 201호"
26,이디야,건대스타시티점,광진구,"서울 광진구 아차산로 272 (자양동, 더샵스타시티)"
27,이디야,건대역점,광진구,"서울 광진구 아차산로 229 (화양동, 한림타워)"
28,이디야,구의사거리점,광진구,서울 광진구 광나루로 508 (구의동)
29,이디야,구의역점,광진구,서울 광진구 구의로 4 (구의동)
30,이디야,구의자양로점,광진구,서울 광진구 자양로 251 (구의동)
31,이디야,군자역점,광진구,"서울 광진구 능동로 290 (능동, 삼일빌딩)"
32,이디야,동서울터미널점,광진구,서울 광진구 강변역로 50
33,이디야,세종대후문점,광진구,서울 광진구 군자로 109 (군자동)
34,이디야,아차산역점,광진구,서울 광진구 천호대로 663 (구의동)
35,이디야,자양동점,광진구,서울 광진구 자양로 46 (자양동)
36,이디야,자양우성점,광진구,"서울 광진구 자양번영로 34 (자양동, 제이원하이텔)"
37,이디야,중곡대원점,광진구,서울 광진구 용마산로 111 (중곡동)
38,이디야,중곡신성점,광진구,"서울 광진구 용마산로 37 (중곡동, 이안빌딩)"
39,이디야,중곡중앙점,광진구,서울 광진구 능동로 330 (중곡동)
40,이디야,가재울중앙점,서대문구,"서울 서대문구 가재울미래로 2 (남가좌동, DMC파크뷰자이)"
41,이디야,명지대점,서대문구,서울 서대문구 거북골로 35 (남가좌동)
42,이디야,명지전문대점,서대문구,서울 서대문구 가좌로 140 (홍은동)
43,이디야,북가좌동점,서대문구,서울 서대문구 증가로 257 (북가좌동)
44,이디야,서대문구청점,서대문구,서울 서대문구 연희로 237 (연희동)
45,이디야,서대문점,서대문구,서울 서대문구 냉천동
46,이디야,서울간호대점,서대문구,서울 서대문구 간호대로 8 (홍제동)
47,이디야,신촌기차역점,서대문구,서울 서대문구 신촌역로 35 (창천동)
48,이디야,신촌역점,서대문구,서울 서대문구 신촌로 87-20 (창천동)
49,이디야,아현역점,서대문구,"서울 서대문구 신촌로37길 10 (북아현동, 아현 메디컬)"
50,이디야,연남동점,서대문구,서울 서대문구 연희로 42 (연희동)
51,이디야,연세대점,서대문구,서울 서대문구 연세로12길 10 (창천동)
52,이디야,연세의료원ABMRC점,서대문구,"서울 서대문구 연세로 50-1 (신촌동, 세브란스병원)"
53,이디야,연세의료원제중관점,서대문구,"서울 서대문구 연세로 50-1 (신촌동, 세브란스병원)"
54,이디야,연세의료원종합관점,서대문구,"서울 서대문구 연세로 50-1 (신촌동, 세브란스병원)"
55,이디야,연희홍연길점,서대문구,서울 서대문구 홍제천로 146-9 (연희동)
56,이디야,충정로3가점,서대문구,"서울 서대문구 경기대로 26-26 (충정로3가, 더스타일하우스디센트럴)"
57,이디야,홍은사거리점,서대문구,"서울 서대문구 통일로 510 (홍은동, 북한산 더샵)"
58,이디야,경희대점,동대문구,서울 동대문구 경희대로 4 (회기동)
59,이디야,경희대캠퍼스점,동대문구,"서울 동대문구 경희대로 26 (회기동, 경희대학교,경희초,중,고,여자중고등학교)"
60,이디야,답십리사거리점,동대문구,서울 동대문구 답십리로 145 (답십리동)
61,이디야,답십리파크자이점,동대문구,"서울 동대문구 한천로 55 (답십리동, 영진빌딩)"
62,이디야,동대문구청점,동대문구,서울 동대문구 천호대로 153-1 (용두동)
63,이디야,동부병원사거리점,동대문구,서울 동대문구 무학로 104 (용두동)
64,이디야,배봉초교사거리점,동대문구,서울 동대문구 답십리로63길 131 (장안동)
65,이디야,서울시립대점,동대문구,"서울 동대문구 서울시립대로 164 (전농동, 도석프라자)"
66,이디야,신설동역점,동대문구,서울 동대문구 천호대로 11-3 (신설동)
67,이디야,용두동사거리점,동대문구,서울 동대문구 왕산로 68 (용두동)
68,이디야,용두동점,동대문구,서울 동대문구 고산자로 413-1 (용두동)
69,이디야,이문점,동대문구,서울 동대문구 신이문로 19 (이문동)
70,이디야,장안동사거리점,동대문구,서울 동대문구 답십리로 309 (장안동)
71,이디야,장안동점,동대문구,서울 동대문구 장한로 43 (장안동)
72,이디야,장안중랑천점,동대문구,서울 동대문구 장한로18길 32 (장안동)
73,이디야,장안중앙점,동대문구,서울 동대문구 사가정로25길 42 (장안동)
74,이디야,장한평군자초교점,동대문구,서울 동대문구 한천로2길 53 (장안동)
75,이디야,전농사거리점,동대문구,서울 동대문구 사가정로 132 (전농동)
76,이디야,청량리점,동대문구,서울 동대문구 왕산로 225 (청량리동)
77,이디야,촬영소사거리점,동대문구,서울 동대문구 답십리로 264 (장안동)
78,이디야,회기역중앙점,동대문구,서울 동대문구 회기로 194-1 (휘경동)
79,이디야,논골사거리점,성동구,서울 성동구 난계로 35 (금호동1가)
80,이디야,마장동점,성동구,서울 성동구 고산자로 339-2 (마장동)
81,이디야,마장역점,성동구,서울 성동구 마장로 293-1 (마장동)
82,이디야,상왕십리역점,성동구,서울 성동구 무학봉15길 27 (하왕십리동)
83,이디야,성동구청점,성동구,서울 성동구 고산자로 269 (도선동)
84,이디야,성수2가점,성동구,서울 성동구 성덕정길 106 (성수동2가)
85,이디야,성수아카데미점,성동구,서울 성동구 성수이로 118 (성수동2가)
86,이디야,성수우리W타워점,성동구,서울 성동구 아차산로15길 19 (성수동2가)
87,이디야,성수중앙점,성동구,"서울 성동구 성수일로6길 47 (성수동2가, 현성빌딩)"
88,이디야,신금호역점,성동구,서울 성동구 금호산길 64 (금호동2가)
89,이디야,옥수동점,성동구,서울 성동구 매봉길 12 (옥수동)
90,이디야,왕십리비트플렉스점,성동구,서울 성동구 왕십리광장로 17 (행당동)
91,이디야,왕십리센트라스점,성동구,서울 성동구 무학로 22 (홍익동)
92,이디야,왕십리역점,성동구,서울 성동구 왕십리로 309 (행당동)
93,이디야,응봉동점,성동구,"서울 성동구 독서당로 381 (응봉동, 현대종합상가)"
94,이디야,텐즈힐점,성동구,"서울 성동구 무학로 33 (하왕십리동, 텐즈힐)"
95,이디야,금란망우점,중랑구,서울 중랑구 망우로 460 (망우동)
96,이디야,동원사거리점,중랑구,"서울 중랑구 겸재로 240 (면목동, 행복오피스텔)"
97,이디야,망우동점,중랑구,서울 중랑구 망우로 416 (망우동)
98,이디야,망우중앙점,중랑구,"서울 중랑구 용마산로115길 109 (망우동, 한일써너스빌리젠시2단지)"
99,이디야,망우코레일점,중랑구,"서울 중랑구 망우로55길 11-10 (상봉동, 망우역)"
100,이디야,먹골역점,중랑구,서울 중랑구 동일로157길 13 (묵동)
101,이디야,면목경남아너스빌점,중랑구,서울 중랑구 면목로27길 92 (면목동)
102,이디야,면목늘찬병원점,중랑구,"서울 중랑구 동일로 643 (면목동, 늘찬병원)"
103,이디야,면목역점,중랑구,"서울 중랑구 면목로 429 (면목동, 킴스아파트)"
104,이디야,봉화산역점,중랑구,서울 중랑구 신내로 211 (신내동)
105,이디야,사가정아이파크점,중랑구,"서울 중랑구 동일로92길 57 (면목동, 메디포레)"
106,이디야,사가정역점,중랑구,서울 중랑구 면목로 325 (면목동)
107,이디야,상봉엠코점,중랑구,"서울 중랑구 망우로 353 (상봉동, 상봉 프레미어스 엠코)"
108,이디야,상봉역점,중랑구,서울 중랑구 망우로 277 (상봉동)
109,이디야,상봉중앙점,중랑구,서울 중랑구 망우로 316 (상봉동)
110,이디야,서울상봉1동점,중랑구,서울 중랑구 상봉중앙로 36 (상봉동)
111,이디야,서울중화초등학교점,중랑구,"서울 중랑구 신내로7가길 7 (신내동, 제이리옴)"
112,이디야,서일중앙점,중랑구,"서울 중랑구 용마산로 394 (면목동, 해동검도)"
113,이디야,신내동점,중랑구,서울 중랑구 봉화산로 215 (신내동)
114,이디야,양원역점,중랑구,서울 중랑구 양원역로14가길 24 (망우동)
115,이디야,중랑교차로점,중랑구,서울 중랑구 동일로 683 (면목동)
116,이디야,중랑묵동점,중랑구,서울 중랑구 공릉로 42 (묵동)
117,이디야,중랑역점,중랑구,서울 중랑구 망우로 198 (상봉동)
118,이디야,중화동점,중랑구,서울 중랑구 동일로129길 1 (중화동)
119,이디야,화랑대역점,중랑구,"서울 중랑구 신내로25가길 2 (묵동, 현동학당)"
120,이디야,개봉북부점,구로구,서울 구로구 경인로40길 12 (개봉동)
121,이디야,개봉역점,구로구,서울 구로구 남부순환로97길 11 (개봉동)
122,이디야,개봉현대점,구로구,서울 구로구 개봉로 69 (개봉동)
123,이디야,고척사거리점,구로구,"서울 구로구 고척로 228-6 (고척동, 종만빌딩)"
124,이디야,고척스카이돔점,구로구,"서울 구로구 경인로 397 (고척동, 골든타워빌딩)"
125,이디야,구로NC점,구로구,서울 구로구 구로동로 240 (구로동)
126,이디야,구로구청점,구로구,"서울 구로구 가마산로25길 9 (구로동, 네오팰리스)"
127,이디야,구로궁동점,구로구,서울 구로구 오리로 1304 (궁동) 1층
128,이디야,구로미성점,구로구,"서울 구로구 구로중앙로 228 (신도림동, 기임빌딩)"
129,이디야,구로역광장점,구로구,"서울 구로구 경인로 572 (구로동, 스타팰리스)"
130,이디야,구로이마트점,구로구,서울 구로구 디지털로32길 43 (구로동)
131,이디야,구로코레일점,구로구,"서울 구로구 구로중앙로 174 (구로동, 구로역)"
132,이디야,구로하버라인점,구로구,"서울 구로구 항동로3길 6 (항동, 가온 프라자)"
133,이디야,구일역점,구로구,"서울 구로구 구일로 110 (구로동, 해원리버파크)"
134,이디야,남구로역점,구로구,서울 구로구 디지털로27길 127 (가리봉동)
135,이디야,성공회대점,구로구,서울 구로구 연동로 312 (항동)
136,이디야,신도림메르디앙점,구로구,"서울 구로구 신도림로 65 (신도림동, 신도림월드메르디앙오피스텔)"
137,이디야,신도림테크노마트점,구로구,서울 구로구 새말로 97 (구로동)
138,이디야,오류남부점,구로구,서울 구로구 오류로8길 65 (오류동)
139,이디야,오류북부역점,구로구,서울 구로구 경인로20길 6 (오류동)
140,이디야,천왕이펜하우스점,구로구,서울 구로구 천왕로 36 (천왕동)
141,이디야,4.19사거리점,강북구,서울 강북구 삼양로 501 (수유동)
142,이디야,가오리역점,강북구,서울 강북구 삼각산로 108 (수유동)
143,이디야,미아꿈의숲해링턴점,강북구,"서울 강북구 오현로 45 (미아동, 꿈의숲 해링턴 플레이스)"
144,이디야,미아역점,강북구,서울 강북구 도봉로 207 -3(미아동)
145,이디야,미아중앙점,강북구,서울 강북구 도봉로 128 (미아동)
146,이디야,번동점,강북구,"서울 강북구 오현로 194 (번동, 덕수빌딩)"
147,이디야,북한산점,강북구,서울 강북구 4.19로 85 (수유동)
148,이디야,삼각산점,강북구,서울 강북구 솔샘로40길 3 (미아동)
149,이디야,수유사거리점,강북구,"서울 강북구 덕릉로 82 (수유동, 제네스타워)"
150,이디야,수유역점,강북구,서울 강북구 도봉로 355 (수유동)
151,이디야,우이역도선사점,강북구,서울 강북구 삼양로173길 21 (우이동)
152,이디야,한신대점,강북구,서울 강북구 덕릉로 31 (수유동)
153,이디야,IBK본점,중구,"서울 중구 을지로 79 (을지로2가, 기업은행)"
154,이디야,광희동점,중구,서울 중구 마른내로 165-1 (광희동1가)
155,이디야,다동점,중구,서울 중구 다동길 46 (다동)
156,이디야,동국대후문점,중구,"서울 중구 창경궁로 2 (충무로5가, 남경빌딩)"
157,이디야,동대문점,중구,서울 중구 을지로43길 38 (을지로6가)
158,이디야,동대문팀204점,중구,"서울 중구 마장로 30 (신당동, Team204)"
159,이디야,동평화점,중구,서울 중구 청계천로 318 (신당동)
160,이디야,명동거리점,중구,"서울 중구 명동8가길 7 (충무로2가, 프리엠상가)"
161,이디야,명동역점,중구,서울 중구 퇴계로 103 (충무로1가)
162,이디야,명동중앙점,중구,"서울 중구 명동7길 21 (을지로2가, 명동아르누보센텀)"
163,이디야,북창동점,중구,서울 중구 남대문로1길 57-1 (태평로2가)
164,이디야,서소문점,중구,서울 중구 서소문로11길 8 (서소문동)
165,이디야,서울시청점,중구,"서울 중구 세종대로20길 23 (무교동, 원창빌딩)"
166,이디야,신당점,중구,서울 중구 다산로35길 11 (신당동)
167,이디야,신당중앙점,중구,서울 중구 퇴계로 455 (황학동)
168,이디야,약수역점,중구,서울 중구 동호로 186-13 (신당동)
169,이디야,오장동점,중구,서울 중구 마른내로 109-1 (오장동)
170,이디야,을지로3가점,중구,서울 중구 수표로 45 (저동2가)
171,이디야,을지로중앙점,중구,서울 중구 마른내로 49 (인현동1가)
172,이디야,정동점,중구,서울 중구 정동길 2-1 (정동)
173,이디야,중림브라운스톤점,중구,"서울 중구 청파로 464 (중림동, 브라운스톤서울)"
174,이디야,충무로점,중구,서울 중구 퇴계로 188 (필동1가)
175,이디야,충무아트홀점,중구,서울 중구 퇴계로 381-1 (신당동)
176,이디야,충무필동점,중구,서울 중구 퇴계로 218-5 (필동2가)
177,이디야,태평로점,중구,서울 중구 세종대로11길 26 (서소문동)
178,이디야,퇴계로2길점,중구,서울 중구 퇴계로2길 1 (남창동)
179,이디야,한국은행점,중구,서울 중구 남대문로 29-2 (남대문로3가)
180,이디야,회현SK리더스점,중구,"서울 중구 퇴계로 72 (회현동1가, 리더스뷰남산)"
181,이디야,남성역점,동작구,서울 동작구 사당로17가길 13 (사당동)
182,이디야,노들점,동작구,서울 동작구 노량진로 200 (노량진동)
183,이디야,노량진CTS점,동작구,서울 동작구 노량진로 110 (노량진동)
184,이디야,노량진드림스퀘어점,동작구,"서울 동작구 노들로2길 7 (노량진동, 노량진 드림스퀘어 복합빌딩)"
185,이디야,노량진역사점,동작구,"서울 동작구 노량진로 지하 130 (노량진동, 9호선 노량진역)"
186,이디야,대방역점,동작구,"서울 동작구 노량진로 24 (대방동, 한신빌딩)"
187,이디야,보라매공원점,동작구,서울 동작구 여의대방로 90 (신대방동)
188,이디야,보라매점,동작구,"서울 동작구 보라매로5가길 16 (신대방동, 보라매아카데미타워)"
189,이디야,사당역점,동작구,서울 동작구 동작대로7길 100 (사당동)
190,이디야,상도역점,동작구,서울 동작구 상도로 277 (상도1동)
191,이디야,상도중앙점,동작구,서울 동작구 만양로 17 (상도동)
192,이디야,상도파크엘점,동작구,"서울 동작구 양녕로 220 (상도동, 상도역 롯데캐슬 파크엘)"
193,이디야,신대방삼거리점,동작구,서울 동작구 상도로 78 (대방동)
194,이디야,이수중앙점,동작구,서울 동작구 사당로 285 (사당동)
195,이디야,중앙대점,동작구,서울 동작구 흑석로 79 (흑석동)
196,이디야,중앙대후문점,동작구,서울 동작구 흑석로 20 (상도동)
197,이디야,총신대입구역점,동작구,서울 동작구 동작대로 119-1 (사당동)
198,이디야,총신대점,동작구,"서울 동작구 사당로16가길 96 (사당동) 1,2층"
199,이디야,해군회관점,동작구,서울 동작구 여의대방로 194 (대방동)
200,이디야,흑석역점,동작구,서울 동작구 현충로 100-1 (흑석동)
201,이디야,강서초교점,양천구,서울 양천구 오목로 48 (신월동)
202,이디야,남부지방법원점,양천구,"서울 양천구 은행정로4길 25 (신정동, SM엘루이아파트)"
203,이디야,목3동점,양천구,"서울 양천구 목동중앙북로 38 (목동, 롯데캐슬위너아파트)"
204,이디야,목4동점,양천구,서울 양천구 목동중앙본로7길 46 (목동)
205,이디야,목동등촌로점,양천구,서울 양천구 등촌로 180 (목동)
206,이디야,목동센트럴아이파크위브점,양천구,서울 양천구 남부순환로 603 (신월동)
207,이디야,목동신목점,양천구,"서울 양천구 목동중앙로 85 (목동, 강산아파트)"
208,이디야,목동신트리점,양천구,"서울 양천구 신정로 312 (신정동, 뉴프라자)"
209,이디야,목동아델리체점,양천구,"서울 양천구 중앙로43길 14 (신정동, 래미안 목동아델리체)"
210,이디야,목동파라곤점,양천구,서울 양천구 목동서로 155 (목동)
211,이디야,목동파리공원점,양천구,서울 양천구 목동동로 379 (목동)
212,이디야,서남병원점,양천구,서울 양천구 신정동
213,이디야,신월5동점,양천구,서울 양천구 화곡로 50 (신월동)
214,이디야,신월7동점,양천구,서울 양천구 지양로 79 (신월동)
215,이디야,신월사거리점,양천구,서울 양천구 남부순환로 353 (신월동)
216,이디야,신월신곡시장점,양천구,서울 양천구 신월로 172 (신월동)
217,이디야,신정네거리역점,양천구,서울 양천구 중앙로 282 (신정동)
218,이디야,신정서부점,양천구,서울 양천구 신정로11길 50-15 (신정동)
219,이디야,양천구청점,양천구,서울 양천구 목동동로 63 (신정동)
220,이디야,오목교대학학원점,양천구,서울 양천구 오목로 319 (목동)
221,이디야,갈현점,은평구,서울 은평구 갈현로 268 (갈현동)
222,이디야,구산사거리점,은평구,서울 은평구 서오릉로 195 (구산동)
223,이디야,구산역점,은평구,서울 은평구 연서로 148 (대조동)
224,이디야,구파발역점,은평구,"서울 은평구 진관2로 29-21 (진관동, 드림스퀘어)"
225,이디야,녹번동점,은평구,"서울 은평구 진흥로 156 (녹번동, 신명빌딩)"
226,이디야,백련산아이파크점,은평구,"서울 은평구 응암로 264 (응암동, 서울빌딩)"
227,이디야,본서부병원점,은평구,"서울 은평구 응암로 337 (응암동, 빛터룩스 빌딩)"
228,이디야,불광중앙점,은평구,서울 은평구 불광로 59 (불광동)
229,이디야,새절역점,은평구,서울 은평구 가좌로 272 (신사동)
230,이디야,서광교회점,은평구,"서울 은평구 통일로 951 (갈현동, 서광교회)"
231,이디야,수색역점,은평구,서울 은평구 수색로 250 (수색동)
232,이디야,역촌동점,은평구,서울 은평구 갈현로 82 (역촌동)
233,이디야,역촌사거리점,은평구,서울 은평구 서오릉로 100 (대조동)
234,이디야,역촌역점,은평구,서울 은평구 진흥로 95 (역촌동)
235,이디야,역촌진흥로점,은평구,서울 은평구 진흥로1길 3 (역촌동)
236,이디야,연신내역점,은평구,서울 은평구 통일로 855-9 (갈현동)
237,이디야,연신내통일로점,은평구,서울 은평구 통일로 876 (불광동)
238,이디야,은평구청점,은평구,서울 은평구 은평로 197 (녹번동)
239,이디야,은평뉴타운점,은평구,"서울 은평구 진관3로 70 (진관동, 은평뉴타운상림마을)"
240,이디야,은평신사점,은평구,"서울 은평구 갈현로1길 21 (신사동, 새마을금고신사동제2분사무소)"
241,이디야,응암역점,은평구,"서울 은평구 연서로 9 (역촌동, 센타폴리스)"
242,이디야,응암오거리점,은평구,서울 은평구 응암로 211 (응암동)
243,이디야,응암중앙점,은평구,서울 은평구 응암로 183 (응암동)
244,이디야,증산동점,은평구,서울 은평구 증산서길 78 (증산동)
245,이디야,강남YMCA점,강남구,서울 강남구 논현동
246,이디야,강남구청역아이티웨딩점,강남구,"서울 강남구 학동로 338 (논현동, 강남파라곤)"
247,이디야,강남논현학동점,강남구,서울 강남구 논현로131길 28 (논현동)
248,이디야,강남대치점,강남구,"서울 강남구 역삼로 415 (대치동, 성진빌딩)"
249,이디야,강남도산점,강남구,서울 강남구 도산대로37길 20 (신사동)
250,이디야,강남율현점,강남구,"서울 강남구 밤고개로21길 8 (율현동, 세곡프라자)"
251,이디야,개포동역점,강남구,"서울 강남구 개포로82길 11 (개포동, 삼우빌딩)"
252,이디야,건설회관점,강남구,서울 강남구 언주로 711 (논현동)
253,이디야,대청역점,강남구,"서울 강남구 개포로109길 34 (개포동, 대청프라자)"
254,이디야,대치역점,강남구,"서울 강남구 남부순환로 2937 (대치동, 까치빌딩)"
255,이디야,도곡2동점,강남구,"서울 강남구 논현로 142 (도곡동, 동현빌딩)"
256,이디야,도산사거리점,강남구,서울 강남구 논현동
257,이디야,삼성대치점,강남구,"서울 강남구 삼성로64길 32 (대치동, 주성빌딩)"
258,이디야,삼성동점,강남구,서울 강남구 테헤란로88길 10 (대치동)
259,이디야,삼성중앙역점,강남구,"서울 강남구 삼성로 608 (삼성동, 우창빌딩)"
260,이디야,삼성한전점,강남구,서울 강남구 테헤란로107길 11 (삼성동)
261,이디야,선릉역점,강남구,"서울 강남구 테헤란로 332 (역삼동, HJ타워)"
262,이디야,선릉점,강남구,"서울 강남구 선릉로86길 15 (대치동, 현대선릉 GOLD TOWER)"
263,이디야,신사역점,강남구,서울 강남구 압구정로2길 62 (신사동)
264,이디야,압구정현대점,강남구,"서울 강남구 압구정로 214 (신사동, 현대종합상가빌딩)"
265,이디야,역삼더블루점,강남구,"서울 강남구 논현로63길 16 (역삼동, 역삼종합시장 더블루)"
266,이디야,역삼역점,강남구,서울 강남구 테헤란로25길 17 (역삼동)
267,이디야,역삼월드점,강남구,"서울 강남구 역삼로52길 14 (역삼동, 도곡프라자)"
268,이디야,역삼점,강남구,서울 강남구 논현로72길 13 (역삼동)
269,이디야,역삼중앙점,강남구,서울 강남구 언주로81길 8 (역삼동)
270,이디야,역삼초교점,강남구,서울 강남구 강남대로 314 (역삼동)
271,이디야,역삼충현점,강남구,서울 강남구 논현로98길 7 (역삼동)
272,이디야,역삼플래티넘점,강남구,"서울 강남구 테헤란로4길 46 (역삼동, 쌍용플래티넘밸류)"
273,이디야,을지병원사거리점,강남구,서울 강남구 도산대로30길 7 (논현동)
274,이디야,이디야커피랩,강남구,"서울 강남구 논현로 636 (논현동, 이디야빌딩)"
275,이디야,일원동점,강남구,서울 강남구 양재대로27길 20 (일원동)
276,이디야,청담사거리점,강남구,서울 강남구 도산대로 521 (청담동)
277,이디야,청담역점,강남구,"서울 강남구 삼성로 721 (청담동, 룩희 819)"
278,이디야,포이사거리점,강남구,서울 강남구 개포로 218 (개포동)
279,이디야,학동역점,강남구,"서울 강남구 학동로 219 (논현동, 국제빌딩)"
280,이디야,학동제마점,강남구,서울 강남구 학동로34길 22 (논현동)
281,이디야,한티역점,강남구,서울 강남구 도곡로69길 8 (대치동)
282,이디야,경복궁역점,종로구,"서울 종로구 자하문로 7 (체부동, 성명빌딩)"
283,이디야,경희궁점,종로구,서울 종로구 경희궁1길 16 (신문로2가)
284,이디야,광화문점,종로구,서울 종로구 세종대로23길 15 (도렴동)
285,이디야,낙원동점,종로구,서울 종로구 낙원동
286,이디야,대학로점,종로구,서울 종로구 대학로10길 17 (동숭동)
287,이디야,독립문역점,종로구,서울 종로구 통일로 266 (무악동)
288,이디야,동대문역점,종로구,"서울 종로구 율곡로 286 (종로6가, 야드인빌딩)"
289,이디야,배화여대점,종로구,서울 종로구 필운대로1길 35 (필운동)
290,이디야,북촌마을점,종로구,서울 종로구 북촌로5길 39 (화동)
291,이디야,삼일빌딩점,종로구,서울 종로구 삼일대로15길 13 (관철동)
292,이디야,상명대점,종로구,서울 종로구 홍지동
293,이디야,성균관대점,종로구,서울 종로구 성균관로 8 (명륜2가)
294,이디야,숭인점,종로구,서울 종로구 숭인동길 6 (숭인동)
295,이디야,신설점,종로구,서울 종로구 난계로29길 30 (숭인동)
296,이디야,안국역사점,종로구,"서울 종로구 율곡로 지하 62 (안국동, 3호선 안국역)"
297,이디야,종로3가점,종로구,서울 종로구 종로 126 (종로3가)
298,이디야,종로4가점,종로구,서울 종로구 김상옥로 1 (인의동)
299,이디야,종로5가점,종로구,서울 종로구 대학로 33 (효제동)
300,이디야,종로교차로점,종로구,서울 종로구 동호로 406-1 (종로5가)
301,이디야,종로구청점,종로구,서울 종로구 수송동
302,이디야,종로삼일대로점,종로구,서울 종로구 삼일대로 390-1 (관철동)
303,이디야,종로이화동점,종로구,서울 종로구 낙산성곽서1길 10 (이화동)
304,이디야,종로타워점,종로구,"서울 종로구 종로 51 (종로2가, 종로타워)"
305,이디야,창덕궁점,종로구,서울 종로구 돈화문로 41-1 (묘동)
306,이디야,창신동점,종로구,서울 종로구 종로 316-1 (창신동)
307,이디야,창신중앙점,종로구,서울 종로구 지봉로 64 (숭인동)
308,이디야,탑골공원점,종로구,서울 종로구 낙원동
309,이디야,혜화동로터리점,종로구,서울 종로구 혜화로 3-1 (혜화동)
310,이디야,혜화역점,종로구,서울 종로구 창경궁로 258-15 (명륜2가)
311,이디야,IBK고객센터점,용산구,"서울 용산구 한남대로 72 (한남동, IBK기업은행고객센터)"
312,이디야,동부이촌동점,용산구,서울 용산구 이촌로77길 19 (이촌동)
313,이디야,동자동점,용산구,서울 용산구 후암로 93 (동자동)
314,이디야,삼각지점,용산구,서울 용산구 한강대로 138 (한강로2가)
315,이디야,숙대입구역점,용산구,서울 용산구 한강대로 289 (갈월동)
316,이디야,순천향병원점,용산구,서울 용산구 대사관로 72
317,이디야,용문점,용산구,서울 용산구 원효로41길 73 (원효로2가)
318,이디야,용산원효점,용산구,"서울 용산구 원효로 70 (원효로4가, 신정빌딩)"
319,이디야,용산청파점,용산구,"서울 용산구 청파로71길 10 (청파동1가, 새마을금고)"
320,이디야,용산효창점,용산구,서울 용산구 효창원로66길 2 (효창동)
321,이디야,원효로점,용산구,서울 용산구 원효로 257 (원효로1가)
322,이디야,강남센트럴시티점,서초구,"서울 서초구 신반포로 176 (반포동, 센트럴시티)"
323,이디야,교대역점,서초구,"서울 서초구 서초대로56길 22 (서초동, 성운빌딩)"
324,이디야,국립국악원점,서초구,"서울 서초구 남부순환로 2364 (서초동, 국립국악원)"
325,이디야,국립중앙도서관디지털관점,서초구,"서울 서초구 반포대로 201 (반포동, 국립중앙도서관)"
326,이디야,국립중앙도서관본관점,서초구,"서울 서초구 반포대로 201 (반포동, 국립중앙도서관)"
327,이디야,남부터미널점,서초구,서울 서초구 서초동
328,이디야,내방역점,서초구,"서울 서초구 서초대로 108 (방배동, 삼보빌딩)"
329,이디야,반포지하상가점,서초구,"서울 서초구 신반포로 지하 200 (잠원동, 강남터미널지하쇼핑몰)"
330,이디야,방배역점,서초구,서울 서초구 방배로 87 (방배동)
331,이디야,방배중앙점,서초구,"서울 서초구 동광로 1 (방배동, 대양빌딩)"
332,이디야,서울고교점,서초구,서울 서초구 서초동
333,이디야,서울고속버스터미널점,서초구,"서울 서초구 신반포로 194 (반포동, 강남고속버스터미널)"
334,이디야,서울교대점,서초구,서울 서초구 서초동
335,이디야,서초법조타운점,서초구,"서울 서초구 서초중앙로24길 7 (서초동, 동천빌딩)"
336,이디야,서초역점,서초구,서울 서초구 서초동
337,이디야,서초우면중앙점,서초구,"서울 서초구 양재대로2길 100-11 (우면동, 서초 리슈빌S)"
338,이디야,서초점,서초구,서울 서초구 서초대로48길 16 (서초동)
339,이디야,신사멀버리힐스점,서초구,서울 서초구 강남대로 589 (잠원동)
340,이디야,양재언남점,서초구,"서울 서초구 동산로 60 (양재동, 화성빌딩)"
341,이디야,양재점,서초구,서울 서초구 남부순환로347길 38 (서초동)
342,이디야,양재중앙점,서초구,"서울 서초구 강남대로 221 (양재동, 양재역 환승주차장)"
343,이디야,양재하나로마트점,서초구,"서울 서초구 청계산로 10 (양재동, 농협하나로클럽)"
344,이디야,예술의전당점,서초구,"서울 서초구 반포대로 32 (서초동, 원일빌딩)"
345,이디야,우면동점,서초구,"서울 서초구 바우뫼로 20 (우면동, 고호빌딩)"
346,이디야,잠원논현점,서초구,서울 서초구 신반포로 333 (잠원동)
347,이디야,청계산입구역점,서초구,서울 서초구 신원동
348,이디야,함지박사거리점,서초구,서울 서초구 방배로 234 우신빌딩
349,이디야,공덕롯데캐슬점,마포구,"서울 마포구 마포대로 109 (공덕동, 롯데캐슬프레지던트)"
350,이디야,대흥역점,마포구,서울 마포구 백범로 100 (대흥동)
351,이디야,마포공덕역점,마포구,서울 마포구 새창로 6 (도화동)
352,이디야,마포구청점,마포구,서울 마포구 월드컵로 196 (성산동)
353,이디야,마포성산시영점,마포구,서울 마포구 월드컵북로 210 (성산동)
354,이디야,마포점,마포구,서울 마포구 도화길 10 (도화동)
355,이디야,망리단길점,마포구,"서울 마포구 포은로 81-1 (망원동, S-빌딩)"
356,이디야,망원역점,마포구,서울 마포구 월드컵로 82-1 (서교동)
357,이디야,망원중앙점,마포구,서울 마포구 월드컵로 147 (망원동)
358,이디야,상수역점,마포구,서울 마포구 와우산로 41-1 (상수동)
359,이디야,상암DMC점,마포구,서울 마포구 월드컵북로 396 (상암동)
360,이디야,상암한샘점,마포구,서울 마포구 성암로13길 58 (상암동)
361,이디야,상암홈플러스점,마포구,서울 마포구 월드컵로 240 (성산동)
362,이디야,서교동점,마포구,서울 마포구 와우산로29길 70 (서교동)
363,이디야,성산점,마포구,서울 마포구 월드컵북로 137 (성산동)
364,이디야,성산중앙점,마포구,서울 마포구 성미산로 78 (성산동)
365,이디야,신촌그랑자이점,마포구,"서울 마포구 대흥로 183 (대흥동, 신촌그랑자이 상가)"
366,이디야,신촌로터리점,마포구,서울 마포구 서강로 135 (노고산동)
367,이디야,신촌숲아이파크점,마포구,"서울 마포구 광성로 17 (신수동, 신촌숲아이파크)"
368,이디야,신촌하나로마트점,마포구,"서울 마포구 신촌로 66 (노고산동, 농협중앙회)"
369,이디야,애오개역점,마포구,서울 마포구 마포대로 208 (아현동)
370,이디야,오벨리스크점,마포구,"서울 마포구 마포대로 33 (도화동, 마포 한화 오벨리스크)"
371,이디야,합정LIG점,마포구,서울 마포구 양화로1길 21 (합정동)
372,이디야,합정동점,마포구,서울 마포구 양화로6길 90 (합정동)
373,이디야,합정역사거리점,마포구,서울 마포구 독막로2길 5 (합정동)
374,이디야,합정홈플러스점,마포구,"서울 마포구 양화로 45 (서교동, 메세나폴리스)"
375,이디야,홍대청기와점,마포구,서울 마포구 월드컵북로 7 (서교동)
376,이디야,홍익대점,마포구,"서울 마포구 홍익로 10 (서교동, 서교푸르지오)"
377,이디야,가양역점,강서구,서울 강서구 양천로 500 (등촌동)
378,이디야,강서nc점,강서구,서울 강서구 강서로54길 11 (등촌동)
379,이디야,강서교차로점,강서구,"서울 강서구 공항대로 437 (등촌동, 주신기업(주))"
380,이디야,강서구청점,강서구,"서울 강서구 화곡로 292 (화곡동, 서광프리메라)"
381,이디야,강서한강자이점,강서구,서울 강서구 양천로 401 (가양동)
382,이디야,개화산역점,강서구,"서울 강서구 양천로 28 (방화동, 벽산에어트리움)"
383,이디야,개화산점,강서구,"서울 강서구 양천로 28 (방화동, 벽산에어트리움)"
384,이디야,공항시장역점,강서구,"서울 강서구 방화동로 37 (방화동, 메디스타워)"
385,이디야,김해국제공항국내선점,강서구,부산 강서구 공항진입로 108 (대저2동)
386,이디야,김해국제공항국제선점,강서구,부산 강서구 공항진입로 108 (대저2동)
387,이디야,까치산로점,강서구,서울 강서구 까치산로 182 (화곡동)
388,이디야,까치산역점,강서구,서울 강서구 강서로17길 6 (화곡동)
389,이디야,등촌3동성당점,강서구,"서울 강서구 강서로56길 110 (등촌동, SJC빌딩)"
390,이디야,등촌동점,강서구,"서울 강서구 공항대로61길 20 (염창동, 우리프리머스)"
391,이디야,등촌역점,강서구,서울 강서구 등촌로 217 (등촌동)
392,이디야,렘넌트문화센터점,강서구,"서울 강서구 화곡로63길 65 (등촌동, 예원교회)"
393,이디야,마곡대방디엠씨티점,강서구,"서울 강서구 양천로 344 (마곡동, 마곡센트럴대방디엠시티오피스텔)"
394,이디야,마곡수명산점,강서구,"서울 강서구 수명로 68-27 (내발산동, 웨스트엔드문화센터)"
395,이디야,마곡엠밸리점,강서구,"서울 강서구 마곡서로 101 (마곡동, 동익드미라벨복합빌딩)"
396,이디야,마곡중앙점,강서구,"서울 강서구 마곡중앙6로 66 (마곡동, 퀸즈파크텐)"
397,이디야,마곡퀸즈파크9점,강서구,"서울 강서구 공항대로 247 (마곡동, 퀸즈파크나인)"
398,이디야,마곡파인스퀘어점,강서구,"서울 강서구 마곡중앙4로 22 (마곡동, 파인스퀘어)"
399,이디야,마곡헤리움점,강서구,"서울 강서구 마곡중앙5로1길 25 (마곡동, 마곡헤리움2차)"
400,이디야,발산역점,강서구,서울 강서구 공항대로 280 (내발산동)
401,이디야,방화동로점,강서구,서울 강서구 방화동로 95 (방화동)
402,이디야,방화사거리점,강서구,"서울 강서구 양천로 72 (방화동, 해성빌딩)"
403,이디야,부산명지너울공원점,강서구,부산 강서구 명지국제6로232번길 20 (명지동)
404,이디야,부산명지점,강서구,부산 강서구 명지오션시티8로16번길 25 (명지동)
405,이디야,부산신호동점,강서구,부산 강서구 신호산단5로 42 (신호동)
406,이디야,부산지사명진파크뷰점,강서구,"부산 강서구 과학산단2로20번길 11 (지사동, 명진파크뷰)"
407,이디야,서부산유통지구역점,강서구,부산 강서구 유통단지1로 53 (대저2동)
408,이디야,송정역점,강서구,서울 강서구 공항대로 24 (공항동)
409,이디야,신방화역점,강서구,"서울 강서구 마곡중앙5로 81 (마곡동, 에스비타운)"
410,이디야,신방화중앙점,강서구,"서울 강서구 방화대로34길 92 (방화동, 불해빌딩)"
411,이디야,염창동점,강서구,서울 강서구 양천로 689 (염창동)
412,이디야,우장산동점,강서구,서울 강서구 우현로 15 (화곡동)
413,이디야,우장산역점,강서구,서울 강서구 강서로45길 5 (화곡동)
414,이디야,화곡로점,강서구,서울 강서구 화곡로 133 (화곡동)
415,이디야,화곡본동시장점,강서구,서울 강서구 까치산로4길 11 (화곡동)
416,이디야,화곡사거리점,강서구,서울 강서구 곰달래로 135 (화곡동)
417,이디야,화곡중앙시장점,강서구,서울 강서구 가로공원로76길 61 (화곡동)
418,이디야,가든파이브점,송파구,"서울 송파구 충민로 10 (문정동, 가든파이브툴)"
419,이디야,가든파이브테크노관점,송파구,"서울 송파구 충민로 66 (문정동, 가든파이브라이프)"
420,이디야,가락몰점,송파구,"서울 송파구 양재대로 932 (가락동, 가락몰 판매동)"
421,이디야,가락중앙점,송파구,서울 송파구 송이로 87 (가락동)
422,이디야,거여점,송파구,서울 송파구 오금로 497 (거여동)
423,이디야,방이역점,송파구,서울 송파구 위례성대로18길 32 (방이동)
424,이디야,방이초교점,송파구,서울 송파구 가락로 280 (방이동)
425,이디야,삼전역점,송파구,서울 송파구 백제고분로 263 (삼전동)
426,이디야,삼전중앙점,송파구,서울 송파구 백제고분로27길 5 (삼전동)
427,이디야,서울삼성내과점,송파구,"서울 송파구 백제고분로 126 (잠실동, 오룡빌딩)"
428,이디야,석촌백제점,송파구,"서울 송파구 백제고분로39길 15 (석촌동, 삼경빌딩)"
429,이디야,석촌역점,송파구,"서울 송파구 송파대로 456 (송파동, 웅현빌딩)"
430,이디야,송파문정점,송파구,서울 송파구 송이로 159 (가락동)
431,이디야,송파올림픽훼미리타운점,송파구,"서울 송파구 중대로 24 (문정동, 올림픽훼밀리타운 아카데미 상가)"
432,이디야,송파위례점,송파구,"서울 송파구 위례광장로 188 (장지동, 아이온스퀘어)"
433,이디야,송파파인타운점,송파구,"서울 송파구 충민로2길 28 (장지동, 대진플라자2)"
434,이디야,송파풍납점,송파구,서울 송파구 강동대로9길 17-1 (풍납동)
435,이디야,오금중앙점,송파구,"서울 송파구 위례성대로22길 18 (오금동, 이시돌빌딩)"
436,이디야,올림픽공원점,송파구,서울 송파구 올림픽로 354 (방이동)
437,이디야,올림픽프라자점,송파구,서울 송파구 양재대로 1222 (방이동)
438,이디야,위례포레샤인점,송파구,"서울 송파구 위례순환로 477 (장지동, 위례포레샤인23단지)"
439,이디야,잠실본동점,송파구,"서울 송파구 백제고분로 172 (잠실동, 제이케이빌딩)"
440,이디야,잠실역점,송파구,"서울 송파구 송파대로 567 (잠실동, 잠실주공아파트)"
441,이디야,공릉역점,노원구,서울 노원구 동일로192길 5 (공릉동)
442,이디야,광운대점,노원구,서울 노원구 광운로 29 (월계동)
443,이디야,노원사거리점,노원구,서울 노원구 동일로 1393 (상계동)
444,이디야,노원중앙점,노원구,서울 노원구 노원로 452 (상계동)
445,이디야,당고개역점,노원구,서울 노원구 상계로 313 (상계동)
446,이디야,상계동점,노원구,서울 노원구 한글비석로52길 8 (상계동)
447,이디야,상계상록스토아점,노원구,"서울 노원구 동일로227길 26 (상계동, 상계주공15단지아파트)"
448,이디야,상계역사거리점,노원구,서울 노원구 한글비석로 409 (상계동) 1~2층
449,이디야,상계역점,노원구,서울 노원구 덕릉로 698 (중계동)
450,이디야,상계중앙점,노원구,서울 노원구 동일로 1650 (상계동)
451,이디야,서울여대점,노원구,서울 노원구 노원로 3 (공릉동)
452,이디야,수락산역점,노원구,"서울 노원구 동일로 1689 (상계동, 하이베라스)"
453,이디야,원자력병원점,노원구,서울 노원구 공릉로46길 6 (공릉동)
454,이디야,월계이마트점,노원구,"서울 노원구 마들로3길 15 (월계동, 월계이마트)"
455,이디야,월계인덕점,노원구,서울 노원구 광운로22길 39 (월계동)
456,이디야,중계롯데우성점,노원구,서울 노원구 노원로22길 70 (중계동)
457,이디야,중계본동점,노원구,서울 노원구 중계로14바길 2 (중계동)
458,이디야,중계점,노원구,서울 노원구 동일로204가길 34 (중계동)
459,이디야,태릉입구역점,노원구,"서울 노원구 공릉로 105 (공릉동, 성종빌딩)"
460,이디야,하계을지점,노원구,서울 노원구 공릉로 326 (하계동)
461,이디야,고대개운점,성북구,서울 성북구 개운사길 30 (안암동5가)
462,이디야,고대점,성북구,서울 성북구 고려대로24길 35 (안암동5가)
463,이디야,고대타이거프라자점,성북구,"서울 성북구 안암로 145 (안암동5가, 고려대학교안암캠퍼스)"
464,이디야,길음뉴타운점,성북구,"서울 성북구 길음로 74 (길음동, 길음 에스에이치빌)"
465,이디야,길음중앙점,성북구,"서울 성북구 도봉로 11 (길음동, 삼주빌딩)"
466,이디야,돌곶이역점,성북구,서울 성북구 돌곶이로22길 3 (석관동)
467,이디야,동덕여대점,성북구,서울 성북구 화랑로 99 (하월곡동)
468,이디야,동소문동점,성북구,서울 성북구 동소문로13길 5 (동소문동4가)
469,이디야,보문역점,성북구,서울 성북구 보문로 111 (보문동2가)
470,이디야,석계중앙점,성북구,서울 성북구 화랑로40길 61 (석관동)
471,이디야,석관동점,성북구,"서울 성북구 돌곶이로8길 22 (석관동, 래미안아트리치)"
472,이디야,성신여대역점,성북구,서울 성북구 동소문로17길 40 (동소문동6가)
473,이디야,성신여대점,성북구,서울 성북구 보문로34길 100 (동선동2가)
474,이디야,안암래미안점,성북구,서울 성북구 보문로30가길 42 (안암동1가)
475,이디야,월곡1동점,성북구,서울 성북구 오패산로 99 (하월곡동)
476,이디야,월곡동아점,성북구,서울 성북구 장월로1길 47 (상월곡동)
477,이디야,장위2동점,성북구,서울 성북구 화랑로25길 14 (장위동)
478,이디야,장위뉴타운점,성북구,서울 성북구 장월로 144-1 (장위동)
479,이디야,장위동점,성북구,서울 성북구 월계로40길 7 (장위동)
480,이디야,장위북서울꿈의숲점,성북구,서울 성북구 돌곶이로41가길 2 (장위동)
481,이디야,장위중앙점,성북구,서울 성북구 장위로 35 (장위동)
482,이디야,정릉중앙점,성북구,서울 성북구 정릉로 251 (정릉동)
483,이디야,종암동점,성북구,서울 성북구 종암로 105 (종암동)
484,이디야,하월곡동점,성북구,서울 성북구 오패산로 16 (하월곡동)
485,이디야,한성대점,성북구,서울 성북구 삼선교로 10 (삼선동1가)
486,이디야,덕성여대점,도봉구,서울 도봉구 삼양로 542 (쌍문동)
487,이디야,도봉구청점,도봉구,"서울 도봉구 도봉로150길 43 (방학동, ESA 아파트)"
488,이디야,도봉산점,도봉구,서울 도봉구 도봉산길 18 (도봉동)
489,이디야,도봉역점,도봉구,서울 도봉구 도봉로 823 (도봉동)
490,이디야,도봉중앙점,도봉구,서울 도봉구 도봉로181길 18 (도봉동)
491,이디야,방학사거리점,도봉구,서울 도봉구 도봉로 677 (방학동)
492,이디야,방학역점,도봉구,서울 도봉구 도봉로153길 15 (방학동)
493,이디야,방학점,도봉구,서울 도봉구 방학로 171 (방학동)
494,이디야,선덕고사거리점,도봉구,"서울 도봉구 해등로 255 (쌍문동, 에벤에셀아파트)"
495,이디야,솔밭공원역점,도봉구,"서울 도봉구 삼양로 594 (쌍문동, 주함해븐빌)"
496,이디야,신창점,도봉구,서울 도봉구 덕릉로 235 (창동)
497,이디야,쌍문동점,도봉구,서울 도봉구 노해로 162 (쌍문동)
498,이디야,쌍문역점,도봉구,서울 도봉구 도봉로117길 4 (쌍문동)
499,이디야,창동대우점,도봉구,서울 도봉구 덕릉로63가길 30 (창동)
500,이디야,창동역점,도봉구,서울 도봉구 마들로11길 65 (창동)
501,이디야,창동제일점,도봉구,서울 도봉구 노해로70길 81 (창동)
502,이디야,창동하나로마트점,도봉구,"서울 도봉구 마들로11길 20 (창동, 농협창동유통센타)"
503,이디야,창동학원가점,도봉구,서울 도봉구 해등로16길 61 (창동)
504,이디야,가산두산위브점,금천구,서울 금천구 가산로 111 (가산동)
505,이디야,가산리더스타워점,금천구,서울 금천구 벚꽃로 286 (가산동)
506,이디야,가산벽산점,금천구,서울 금천구 벚꽃로 244 (가산동)
507,이디야,가산오거리점,금천구,"서울 금천구 가산로 155 (가산동, 케이디에스빌딩)"
508,이디야,가산월드점,금천구,서울 금천구 가산디지털2로 123 (가산동)
509,이디야,가산하이엔드10차점,금천구,"서울 금천구 가산디지털1로 30 (가산동, 에이스하이엔드타워10)"
510,이디야,금천롯데마트점,금천구,"서울 금천구 시흥대로 291 (독산동, 금천롯데캐슬골드파크3차)"
511,이디야,독산동쌈지공원점,금천구,서울 금천구 독산로 276 (독산동)
512,이디야,독산동점,금천구,"서울 금천구 독산로 218 (독산동, 창영빌딩)"
513,이디야,박미삼거리점,금천구,서울 금천구 시흥대로 150 (시흥동)
514,이디야,석수푸르지오점,금천구,"서울 금천구 삼성산길 11 (시흥동, 위너스타워)"
515,이디야,세광교회점,금천구,서울 금천구 독산로 124 (시흥동)
516,이디야,시흥동점,금천구,서울 금천구 시흥동
517,이디야,시흥사거리점,금천구,서울 금천구 시흥대로63길 8 (시흥동)
518,이디야,시흥유통센터점,금천구,"서울 금천구 시흥대로 88 (시흥동, 오복빌딩)"
519,이디야,시흥중앙점,금천구,서울 금천구 금하로 748 (시흥동)
520,이디야,은행나무사거리점,금천구,서울 금천구 금하로 690 (시흥동)
521,이디야,관악우성점,관악구,서울 관악구 관악로 232 (봉천동)
522,이디야,관악하나로마트점,관악구,"서울 관악구 남부순환로 1369 (신림동, 관악농협농산물백화점)"
523,이디야,낙성대역점,관악구,서울 관악구 남부순환로 1915 (봉천동)
524,이디야,난곡사거리점,관악구,서울 관악구 남부순환로 1444 (신림동)
525,이디야,남현홈플러스점,관악구,"서울 관악구 과천대로 909 (남현동, 남현프라자)"
526,이디야,녹두거리점,관악구,서울 관악구 신림로 91 (신림동)
527,이디야,보라매중앙점,관악구,"서울 관악구 보라매로 62 (봉천동, 보라매삼성아파트)"
528,이디야,봉일시장점,관악구,서울 관악구 은천로 23 (봉천동)
529,이디야,봉천역점,관악구,서울 관악구 남부순환로 1725 (봉천동)
530,이디야,봉천현대시장점,관악구,서울 관악구 양녕로 39-1 (봉천동)
531,이디야,서울대중앙점,관악구,서울 관악구 남부순환로216길 2 (봉천동)
532,이디야,신대방역점,관악구,서울 관악구 난곡로 368 (신림동)
533,이디야,신림난곡점,관악구,서울 관악구 난곡로 197 (신림동)
534,이디야,신림대학동점,관악구,서울 관악구 호암로26길 17 (신림동)
535,이디야,신림문화교점,관악구,"서울 관악구 신림로46길 1 (신림동, 서원동성당)"
536,이디야,신림미성점,관악구,서울 관악구 난곡로 250 (신림동)
537,이디야,신림신화교점,관악구,서울 관악구 신림로 199 (신림동)
538,이디야,신림역점,관악구,서울 관악구 신림로 312 (신림동)
539,이디야,신림패션문화점,관악구,서울 관악구 봉천로6길 24 (신림동)
540,이디야,청룡중앙점,관악구,"서울 관악구 쑥고개로 80 (봉천동, 제이빌딩)"
541,이디야,KBS별관점,영등포구,"서울 영등포구 국제금융로8길 27-9 (여의도동, 동북빌딩)"
542,이디야,국회의사당역점,영등포구,"서울 영등포구 의사당대로 22 (여의도동, 이룸센터)"
543,이디야,남부고용센터점,영등포구,서울 영등포구 양산로 71 (양평동3가)
544,이디야,당산버드나루점,영등포구,서울 영등포구 버드나루로 87 (영등포동7가)
545,이디야,당산역점,영등포구,"서울 영등포구 당산로 222 (당산동5가, 당산디오빌)"
546,이디야,당산중앙점,영등포구,서울 영등포구 당산로 159 (당산동4가)
547,이디야,대림1동점,영등포구,서울 영등포구 도림로 198 (대림동)
548,이디야,대림3동점,영등포구,서울 영등포구 대림로 212 (대림동)
549,이디야,대림역점,영등포구,서울 영등포구 도림로31길 2 (대림동)
550,이디야,도림사거리점,영등포구,서울 영등포구 도림로 326 (신길동)
551,이디야,도림점,영등포구,"서울 영등포구 도신로15길 40 (도림동, 도림빌딩)"
552,이디야,라이프점,영등포구,"서울 영등포구 63로 40 (여의도동, 라이프오피스텔)"
553,이디야,보라매역점,영등포구,서울 영등포구 여의대방로 141 (신길동)
554,이디야,서여의도점,영등포구,"서울 영등포구 국회대로72길 4 (여의도동, 아이비피아빌딩)"
555,이디야,선유도역점,영등포구,서울 영등포구 양평로 126 (양평동5가)
556,이디야,신길성애병원점,영등포구,서울 영등포구 여의대방로53길 27 (신길동)
557,이디야,신길썬프라자점,영등포구,서울 영등포구 신길로 42 (신길동)
558,이디야,신길아이파크점,영등포구,서울 영등포구 도림로 280 (신길동)
559,이디야,신길역점,영등포구,서울 영등포구 영등포로 353 (신길동)
560,이디야,양평동2가점,영등포구,"서울 영등포구 선유서로25길 19 (양평동2가, 오목교투웨니퍼스트)"
561,이디야,여의나루역점,영등포구,서울 영등포구 여의나루로 113 (여의도동)
562,이디야,여의도농협재단점,영등포구,"서울 영등포구 국제금융로8길 2 (여의도동, 농협재단빌딩)"
563,이디야,여의도역점,영등포구,"서울 영등포구 의사당대로 108 (여의도동, 아일렉스)"
564,이디야,영등포knk점,영등포구,"서울 영등포구 영신로 220 (영등포동8가, KnK디지털타워)"
565,이디야,영등포그랜드점,영등포구,"서울 영등포구 양산로9길 15 (양평동3가, 그랜드타워)"
566,이디야,영등포시장점,영등포구,서울 영등포구 영등포로35길 19 (영등포동6가)
567,이디야,영등포아크로타워점,영등포구,"서울 영등포구 국회대로54길 10 (영등포동7가, 아크로타워 스퀘어)"
568,이디야,영등포에이스점,영등포구,서울 영등포구 경인로 775 (문래동3가)
569,이디야,영등포점,영등포구,서울 영등포구 영중로 16-1 (영등포동3가)
570,이디야,영등포코레일점,영등포구,"서울 영등포구 경인로 846 (영등포동, 영등포 민자역사)"
571,이디야,영등포홈플러스점,영등포구,"서울 영등포구 당산로 42 (문래동3가, 홈플러스)"
572,이디야,한강성심병원점,영등포구,서울 영등포구 버드나루로 51 (영등포동2가)
573,이디야,한국수출입은행점,영등포구,"서울 영등포구 은행로 38 (여의도동, 한국수출입은행빌딩)"
574,이디야,힐스테이트클래시안점,영등포구,"서울 영등포구 신길로28길 9 (신길동, 힐스테이트 클래시안)"
